<?xml version="1.0" encoding="UTF-8" standalone="yes"?>
<manifest>
  <control namespace="DKControls" constructor="Tags" version="0.0.27" display-name-key="DKControls.Tags" description-key="Takes your comma separated string and converts it into Tags" control-type="standard" api-version="1.2.1">
    <type-group name="forTags">
      <type>SingleLine.Text</type>
      <type>SingleLine.TextArea</type>
    </type-group>
    <property name="Tags" display-name-key="Tags" description-key="Tags" of-type-group="forTags" usage="bound" required="true"/>
    <resources>
      <code path="bundle.js" order="1"/>
      <css path="css/index.css" order="1"/>
      <img path="icon.png"/>
    </resources>
    <built-by name="pac" version="1.0.6"/>
  </control>
</manifest>